Category,Question
Spark Architecture,What is lazy evaluation in Spark?
File Formats,When do you use Parquet vs Delta files in Spark?
DataFrame Handling,How do you read a CSV and add a
DataFrame Handling,How do you drop the last row from a DataFrame using
SQL/Logic,How to find employees earning more than the average salary of their department?
PySpark SQL,"How do you implement ""more than department average"" salary filter in PySpark?"
General,Intro?
Unity Catalog,Experience with UC migration?
Apache Spark,Spark Architecture (practical use case)?
Spark Execution,"How are Stages, Jobs, and Tasks defined, with examples?"
Spark API,SparkContext vs. SparkSession?
Spark Query Planning,Logical Plan vs. Physical Plan?
Debugging,Steps to debug the code when it is not running?
Spark Join Optimization,"Join strategy (Broadcast, Sort Merge, Shuffle Hash)?"
RDD vs. DataFrame/Dataset,Why don’t we use RDDs anymore?
AQE / Join Strategy Debugging,"Even if AQE is enabled, and a table should be broadcasted but isn't, how do we approach this?"
Data Quality / Error Handling,How do we handle corrupt records and process them downstream?
Project Experience,Major blockers faced during previous projects?
Project Knowledge,Expect follow-up questions around the project you shared and any answers you give.
Databricks CI/CD,Databricks asset bundles?
SQL Optimization / Partitioning,Questions on SQL joins and partitions?
Recent projects & roles you played,
Explain end-to-end ETL usecase that you worked on,
How do you connect a database directly to databricks without staging the data?,
What are the performance issues that you faced while working with databricks,
Difference between UC & Hive metastore,
How do you track the lineage in databricks,
Advantages of delta lake,
"You have customer, product, sales tables, give the data model that you will design",
"Followup Q, Will you use SCD1 or SCD2? Why?",
What is AQE?,
How many partitions do you have when you read data from table in spark?,
"When you have performance issue in one of the workflows, how do you debug?",
"If you have ML model in databricks and you want to provision a cluster for it, what type of cluster you will use?",
"Write sql query for top 3rd eomplyee eearning salary, group by dept",
Do the same in a spark df,
Intro,
end to end project explanation,
 delta capabilities,
job vs all-purpose vs serverless difference,
Delta sharing,
uc capabilities,
"suppose you must take over a  migration project which is already in progress. What would be your approach and what questions you will ask the existing PM, RSA",
" how spark will calculate no. of task, job and stage",
 3 coding question,
"Optimization on query level , job level, table level, wf level, ",
 explain spark architecture,
"how would you calculate cost for a job which run for 30 mins, with E64s cluster, and need the platform cost as well",
 recon and historical load approach,
" how would you ensure data quality, what check do you perform",
"publish report of recon to business , in smart way what would your approach",
"as you working as team lead, and a escalation came from management, how you deal with it",
"how would you make sure that the timelines given by PM, would make it happen as a team lead , if someone from your team got into issue, from last 3-4 day's and it may risk on timelines",
 what are different steps in migration,
how would you calculate the repartition no. in a df,
" exlpain delta  briefly, how it is better than other format's",
"spark conf based on scenerio's , in which case which spark conf is useful (eg:- if your driver is ooo memory, got resultsize exceded) what you do increase cluster orr do something else, and code is fully optimized --- like this scenerio's",
"DLT, trigger mechnism",
 wf trigger mechinism,
"Can you explain one of your recent projects in detail, including the architecture, your role, challenges, and business impact?",
"How would you pitch Delta Live Tables (DLT) to a client, highlighting its benefits over traditional ETL approaches?",
"What are the different modes in DLT, and how do you handle data quality exceptions when records fail validation rules?",
"Can you compare Azure Data Factory (ADF) and SAP DataSphere in terms of connectivity, performance, cost, and integration, and explain when you would use one over the other?",
"Can you explain the difference between Slowly Changing Dimensions (SCD) and Change Data Capture (CDC), and describe how you have implemented them in Databricks?",
"Can you explain how you handled historical data loads in your projects, and what was the maximum volume of data you worked with?",
SAP tables follow a specific naming convention—how did you manage or standardize those table names when migrating data into Databricks?,
"Can you explain one of your recent projects in detail, including the architecture, your role, challenges, and the business impact delivered?",
"How would you pitch Delta Live Tables (DLT) to a client, highlighting its benefits over traditional ETL approaches?",
"What are the different modes in DLT, and how do you handle data quality exceptions when records fail validation rules?",
What is the difference between Development mode and Production mode in DLT?,
"Can you compare Azure Data Factory (ADF) and SAP DataSphere in terms of connectivity, performance, cost, and integration, and explain when you would use one over the other?",
"Can you explain the difference between Slowly Changing Dimensions (SCD) and Change Data Capture (CDC), and describe how you have implemented them in Databricks",
3 SQL based query based on window functions,
 What is the benefit of using Auto-Loader for ingesting data over all other options?,
"Let's say we are dealing with IOT-sensor data, which are getting generated in great volume say 1000 files/sec. In this case , how can you configure",
 Auto-Loader to handle this scenarios in more optimize way.,
 There is a Spark program which involve multiple joins and when the program is executes it takes too long to execute. How would you start troubleshooting,
   the issue? What necessary steps you would take?,
You have written a spark job and execute it. It creates a job which have many tasks(100 task). Out of 100 tasks 97 tasks executed in few second and left 3,
  are taking too much time to execute. Why this is happening? How could you mitigate this issue?,
 series of Cross-Questions on above scenarios ,
 How to resolve/mitigate Data-Skewnes,
"In latest version of Databricks, what is the another term/techniques used for partitions?",
"Let's say in databricks, you have written a SQL query to fetch some data based on some condition from a delta table. On executing that query, it takes too",
"long to execute the query. When you visualize the query execution plan, you found that in the backend, the given query is scaning/reading large number of",
 Files. What could be your approach in this case. ,
 series of Cross-Questions on above scenarios ,
 What is optimize,
  What is Z-Order,
  What is Liquid Clustering ,
 What is advantages of Unity catalog Managed Table over External table?,
From student table whose schema are as follows :,
" INPUT : Student_id , student_name , subject , marks",
  Write a SQL query to fetch the subject-wise maximum marks and the student_name who get that marks.,
OUTPUT:   ,
Subject     Max_Marks   Student_name,
Project & Experience,
 Explain your projects in detail.,
What challenges did you face and how did you resolve them?,
Explain your experience working with both AWS and Azure clouds. What services have you used in both?,
What framework have you designed and what are the expectations from that framework?,
 What are your responsibilities as a Tech Lead and Solution Architect?,
Performance & Optimization,
" What optimizations have you done, and how did you identify what optimizations were needed and why?",
 Talk about Liquid Clustering vs Z-Ordering.,
What is the use of Adaptive Query Execution (AQE) and how does it work at the backend?,
"Client has nested Databricks workflows and is facing performance issues. How would you debug, identify the issues, and resolve them?",
How do you identify and decide whether to scale a cluster horizontally or vertically?,
 How do you define how many worker nodes are required to process a file or workload?,
How do you handle skewed data and shuffle-heavy operations in Spark?,
Databricks & Spark Concepts,
All-purpose vs Job cluster vs Serverless compute – when to use each?,
" In PySpark, what transformations have you worked on?",
 Coding questions on window functions.,
"Structured streaming experience – explain Kafka connections with Databricks, Auto Loader, and DLT framework.",
 How do you handle schema evolution in Delta Lake?,
 How do you optimize large-scale joins and aggregations in Spark?,
" What are different trigger modes in streaming, and when to use which?",
Python / Coding,
20. You have a list of strings:,
"lst = [""dad"", ""mom"", ""sis"", ""bro"", ""omm"", ""add"", ""dda"", ""ssi"", ""mmo""]",
Find the strings that are anagrams and place them into a dictionary. Write a Python program for this.,
Databricks Asset Bundles & Deployment,
 What are Databricks Asset Bundles (DAB) and why are they useful?,
" How do you manage deployments across multiple environments (dev, QA, prod) using Asset Bundles?",
How would you modularize a large workflow using Asset Bundles?,
What are the limitations of Asset Bundles compared to Databricks Workflows?,
-Explain about previous project ,
-Any framework or utility created previously ,
-How to do Cluster Configuration ,
-Scenarios on Cluster Configurations and Compute optimization ,
-Job Optimization steps for reducing the SLA,
-Memory management ,
-How to reduce network overhead for Recon and Hist migration ,
-Asset Bundle and Asset Bundle setup and difference with other options ,
-Latest features of Databricks ,
-spark conf scenarios and which to use in which scenario,
-how to handle skewed data and heavy shuffle operations in databricks ,
-How Liquid Clustering works behind the back ,
-Liquid Clustering vs Z-order how till works behind the back how to choose which optimization to apply,
"-Stored procedures , recursive query in databricks ",
-serverless vs job compute,
"-Information available on Spark UI, How to optimize a job having standard optimization applied to it by analysing Spark UI",
"-Diff joining strategies other then Broadcast join , threshold for smaller table ,  Which Table type is more suitable for each join type ",
-Data Quality checks on DLT pipelines and watermarking ,
-Perform Merge in  DLT pipeline using forEachBatch ,
-Sort a list of tuples based on 3rd and 4th value of tuple in descending order ,
-Read and join student and department table to calculate top 3 percentage,
-Write one recursive query in databricks  ,
Previous project scenario questions,Naresh Tambekar
What are the problems you faced in the delta live tables?,
How you resolved the delta live table issues?,
How to manage the issues of the delta live tables?,
How to manage the cluster for the delta live tables?,
How to handle the dlt if you have the schema change at the source side?,
What are the optimization techniques in spark?,
How to write the optimize the code in the spark?,
What are the difference between the parquet and delta?,
What are the difference between managed and external tables?,
Difference between the RBAC and ABAC,
How to create the metastore in databricks for the UC enable workspace,
How to migrate the resources from the hive_metastore to uc enabled databricks workspace.,
What are the UC best practices,
Benefits of the UC enabled catalog?,
What are the security issues you will face if you are not using the uc enabled catalog.,
How to make your databricks workflow jobs effective?,
What are the best practices for the databricks jobs?,
What is the benefit of using Auto-Loader for ingesting data over all other options?,
What is the databricks DAB,
How to git integrate the DAB,
What is the liquid clustering,
what is z order partitioning,
what is the partition,
SQL Code: Find the top 3 customer in last 1 month.,
Python: By taking the chunk length and number of chunk as input print the list of chunks,
Components of DLT,Naresh Tambekar
Different expect Program:,
Python: Create a function to remove duplicates from a list.,
SQL: Find the total revenue from a table and then retrieve the top 3 products.,
PySpark: Remove duplicates and fetch the first record based on the current timestamp.,
Scenario question: The job is running very slowly. What methods can be used to identify the issue?,
Spark:,
Spark arch,
"Spark optimization techniques (AQE, Partition)",
Salting techniques,
"Job,task,stage",
Transformation and action,
Shuffling transformation,
Predictive optimization,
Databricks:,
"Databricks arch, Control plan and data plan in depth",
"Use cases: Liquid cluster, optimization, deletion vector, z order",
Cluster type and use cases,
"Admin access(account admin, metastore admin...)",
DLT,
Use cases,
Explain the and expect all,
DLT scd 1 and scd 2,
Diffrent between CDC and apply changes,
Explain CDC and cdf,
CDC and cdf use cases,
How to create CDC,
Streaming:,
"What is micro batch load,",
How to resolve micro batch load delay,
Differents between Stateless and stateful,
Type of trigger,
Auto loader,
Introduction ,Naresh Tambekar
past projects,
spark architecture ,
"how job,stage and task created and internal working",
logical plan vs physical plan,
unity catalog,
coalesce vs repartition,
job & task parameters,
python practical question ,
PySpark practical question ,
SQL practical question,
Change data capture with DLT,
structure streaming ,
type of triggers in structure streaming,
micro-batch vs continuous streaming,
delta live tables,
optimization techniques ,
delta table optimizations,
liquid clustering,
time travel in delta table,
databricks asset bundle,
benefits of detla over parquet,
delta sharing,
lineage in databricks,
uc capabilities,
1. Project & Experience,Naresh Tambekar
Explain your project use cases.,
What Databricks features have you worked on?,
Have you worked on streaming data? Explain the end-to-end ETL process.,
 2. Spark Fundamentals,
Explain Narrow vs Wide transformations.,
What is Adaptive Query Execution (AQE)?,
What is the Catalyst Optimizer?,
What is the Tungsten Engine?,
 3. Performance & Optimization,
How will you handle data skewness in Spark?,
How does Adaptive Query Execution help in performance optimization?,
 Compute & Architecture,
4. Differentiate between:,
Job Compute,
Interactive Compute,
SQL Warehouse,
Serverless Compute,
 5. Data Engineering & Architecture,
How will you create isolated datasets in large-scale enterprises?,
Explain the DLT (Delta Live Tables) framework and its benefits.,
"What are ""Expectations"" in DLT?",
What is Databricks Asset Bundle?,
 6. Security & Governance,
Explain RBAC (Role-Based Access Control).,
Explain ABAC (Attribute-Based Access Control).,
What is Foreign Catalog / Lakehouse Federation?,
 7. Streaming & Real-Time Processing,
What is micro-batch processing in streaming?,
Explain Auto Loader and how it works.,
How will you handle late-arriving records in streaming data?,
8. SQL & PySpark Coding,
SQL Question:,
"Given an orders table with columns category, product_id, qty, and price, write a query to find the product(s) with the highest total revenue (qty × price) in each category.",
PySpark Question:,
"Write a query to find the order with the highest value in each category, along with the customer_id.",
9. Python Concepts,
Explain Python decorators.,
Can you share a few details about your roles and responsibilities? Did you build any framework? What exactly did you do in your current or last engagement?,Megha Upadhyay
Can you explain how LakeFlow Connect works in the backend?,
What is a Gateway Ingestion Pipeline? Why is it needed?,
What is the relationship between a LakeFlow Connect pipeline and a Gateway pipeline? Is it one-to-one or one-to-many?,
How many tables can be loaded through a single LakeFlow Connect pipeline?,
Do you have experience with Spark optimization? Can you explain what optimizations you have done?,
What is the difference between repartition() and coalesce()?,
"Apart from the LakeFlow Connect ingestion framework, have you worked on the Silver and Gold layers? Explain the downstream processing.",
Do you have experience with Liquid Clustering?,
Does Liquid Clustering create physical partitions?,
"In a partitioned table, we use INSERT OVERWRITE PARTITION. How would you overwrite a specific portion of a Liquid Clustered table?",
Write an SQL query to find the second highest salary for each department.,
Why did you use DENSE_RANK() instead of ROW_NUMBER()?,
Write an SQL query to find employees who earn more than their managers.,
Write PySpark code to read data from a file path into a DataFrame.,
"After reading a DataFrame, if you apply filter -> groupBy -> orderBy -> write, how many Spark Jobs, Stages, and Tasks are created?",
Do you have experience working with REST APIs? How did you ingest API data?,
Do you have experience with Azure Event Hubs?,
How do you use AI in your day-to-day work? What percentage of your code is AI-generated versus manually written?,
"Explain your overall Databricks project, including the architecture, your responsibilities, and the end-to-end data flow.",
,
,
